INSERT INTO Country (idCountry, countryName ) VALUES(44, 'Scothland');
INSERT INTO Country (idCountry, countryName ) VALUES(1, 'United States');
INSERT INTO Country (idCountry, countryName ) VALUES(353, 'Ireland');


insert into InfoEmployee (idInfoEmployee, peopleName, surname, email, phoneNumber, birthDate, employeeAddress, idCountry) values (1, 'Wallache', 'Sumner', 'wsumner0@wunderground.com', '40946189', '28/08/1998', '1 Utah Circle', 1);
insert into InfoEmployee (idInfoEmployee, peopleName, surname, email, phoneNumber, birthDate, employeeAddress, idCountry) values (2, 'Siffre', 'Gossage', 'sgossage1@so-net.ne.jp', '10504489', '23/08/1933', '691 Little Fleur Avenue', 2);
insert into InfoEmployee (idInfoEmployee, peopleName, surname, email, phoneNumber, birthDate, employeeAddress, idCountry) values (3, 'Madelaine', 'Finlason', 'mfinlason2@cisco.com', '97459806', '18/02/1985', '0506 Saint Paul Drive', 3);
insert into InfoEmployee (idInfoEmployee, peopleName, surname, email, phoneNumber, birthDate, employeeAddress, idCountry) values (4, 'Phip', 'Landon', 'plandon3@yale.edu', '97432573', '04/08/1993', '3 David Park', 2);
insert into InfoEmployee (idInfoEmployee, peopleName, surname, email, phoneNumber, birthDate, employeeAddress, idCountry) values (5, 'Stewart', 'Trattles', 'strattles4@digg.com', '42684759', '22/10/1942', '164 Eliot Way', 1);
insert into InfoEmployee (idInfoEmployee, peopleName, surname, email, phoneNumber, birthDate, employeeAddress, idCountry) values (6, 'Caryn', 'Ruggs', 'cruggs5@google.de', '81600321', '14/01/1922', '699 Gale Court', 3);
insert into InfoEmployee (idInfoEmployee, peopleName, surname, email, phoneNumber, birthDate, employeeAddress, idCountry) values (7, 'Trudey', 'Pitkaithly', 'tpitkaithly6@symantec.com', '18422341', '30/08/1977', '76954 Veith Way', 2);
insert into InfoEmployee (idInfoEmployee, peopleName, surname, email, phoneNumber, birthDate, employeeAddress, idCountry) values (8, 'Elaina', 'Ferri', 'eferri7@imdb.com', '23798411', '19/07/1930', '31 Steensland Way', 3);
insert into InfoEmployee (idInfoEmployee, peopleName, surname, email, phoneNumber, birthDate, employeeAddress, idCountry) values (9, 'Correy', 'Macy', 'cmacy8@wunderground.com', '61794737', '09/01/1936', '3 Crescent Oaks Crossing', 3);
insert into InfoEmployee (idInfoEmployee, peopleName, surname, email, phoneNumber, birthDate, employeeAddress, idCountry) values (10, 'Brook', 'Handsheart', 'bhandsheart9@apache.org', '43139846', '23/12/1998', '44174 Roxbury Trail', 3);
insert into InfoEmployee (idInfoEmployee, peopleName, surname, email, phoneNumber, birthDate, employeeAddress, idCountry) values (11, 'Ealasaid', 'Fulcher', 'efulchera@msn.com', '36538531', '12/08/1950', '03874 Sugar Alley', 2);
insert into InfoEmployee (idInfoEmployee, peopleName, surname, email, phoneNumber, birthDate, employeeAddress, idCountry) values (12, 'Norah', 'East', 'neastb@usnews.com', '15941671', '15/05/2004', '1 Village Green Circle', 1);
insert into InfoEmployee (idInfoEmployee, peopleName, surname, email, phoneNumber, birthDate, employeeAddress, idCountry) values (13, 'Jerrold', 'Caldera', 'jcalderac@techcrunch.com', '14920589', '23/07/1951', '5 Redwing Avenue', 1);
insert into InfoEmployee (idInfoEmployee, peopleName, surname, email, phoneNumber, birthDate, employeeAddress, idCountry) values (14, 'Kev', 'Berkley', 'kberkleyd@bluehost.com', '30682794', '09/04/1928', '0944 Onsgard Plaza', 1);
insert into InfoEmployee (idInfoEmployee, peopleName, surname, email, phoneNumber, birthDate, employeeAddress, idCountry) values (15, 'Isabella', 'Izzat', 'iizzate@desdev.cn', '59183922', '20/09/1965', '15 Memorial Place', 1);
insert into InfoEmployee (idInfoEmployee, peopleName, surname, email, phoneNumber, birthDate, employeeAddress, idCountry) values (16, 'Gwenny', 'Albers', 'galbersf@redcross.org', '16702481', '14/01/1931', '648 Manley Plaza', 3);
insert into InfoEmployee (idInfoEmployee, peopleName, surname, email, phoneNumber, birthDate, employeeAddress, idCountry) values (17, 'Marice', 'Arbuckle', 'marbuckleg@vimeo.com', '59955713', '04/01/1955', '54536 Crest Line Way', 2);
insert into InfoEmployee (idInfoEmployee, peopleName, surname, email, phoneNumber, birthDate, employeeAddress, idCountry) values (18, 'Fransisco', 'Winsom', 'fwinsomh@jimdo.com', '72125732', '31/10/1945', '07 Quincy Road', 3);
insert into InfoEmployee (idInfoEmployee, peopleName, surname, email, phoneNumber, birthDate, employeeAddress, idCountry) values (19, 'Palm', 'O''Heagertie', 'poheagertiei@psu.edu', '69994295', '17/08/1928', '39055 Gina Plaza', 2);
insert into InfoEmployee (idInfoEmployee, peopleName, surname, email, phoneNumber, birthDate, employeeAddress, idCountry) values (20, 'Thor', 'Code', 'tcodej@businessinsider.com', '76360341', '11/11/1942', '83751 Springs Way', 3);
insert into InfoEmployee (idInfoEmployee, peopleName, surname, email, phoneNumber, birthDate, employeeAddress, idCountry) values (21, 'Baily', 'Mcasparan', 'bmcasparank@e-recht24.de', '17296676', '30/11/1953', '8 Vahlen Plaza', 3);
insert into InfoEmployee (idInfoEmployee, peopleName, surname, email, phoneNumber, birthDate, employeeAddress, idCountry) values (22, 'Linda', 'Fulkes', 'lfulkesl@msu.edu', '59363610', '18/02/2003', '16537 Susan Alley', 3);
insert into InfoEmployee (idInfoEmployee, peopleName, surname, email, phoneNumber, birthDate, employeeAddress, idCountry) values (23, 'Wallache', 'Hammersley', 'whammersleym@jimdo.com', '66667748', '01/07/1963', '7 Ludington Way', 2);
insert into InfoEmployee (idInfoEmployee, peopleName, surname, email, phoneNumber, birthDate, employeeAddress, idCountry) values (24, 'Ruth', 'Hills', 'rhillsn@hexun.com', '72631560', '12/03/1973', '871 Hauk Point', 2);
insert into InfoEmployee (idInfoEmployee, peopleName, surname, email, phoneNumber, birthDate, employeeAddress, idCountry) values (25, 'Kipp', 'Tibbetts', 'ktibbettso@skyrock.com', '09268808', '10/09/1933', '86328 Roxbury Point', 1);
insert into InfoEmployee (idInfoEmployee, peopleName, surname, email, phoneNumber, birthDate, employeeAddress, idCountry) values (26, 'Boniface', 'Paniman', 'bpanimanp@jimdo.com', '90077841', '14/01/1947', '252 Eastwood Trail', 3);
insert into InfoEmployee (idInfoEmployee, peopleName, surname, email, phoneNumber, birthDate, employeeAddress, idCountry) values (27, 'Desdemona', 'Cordrey', 'dcordreyq@about.me', '75170516', '03/03/1965', '45716 Mifflin Alley', 2);
insert into InfoEmployee (idInfoEmployee, peopleName, surname, email, phoneNumber, birthDate, employeeAddress, idCountry) values (28, 'Holli', 'Gravell', 'hgravellr@deviantart.com', '04942855', '06/10/1951', '1 Chinook Lane', 1);
insert into InfoEmployee (idInfoEmployee, peopleName, surname, email, phoneNumber, birthDate, employeeAddress, idCountry) values (29, 'Algernon', 'Skoggins', 'askogginss@mapy.cz', '87871396', '06/09/1980', '5 West Pass', 1);
insert into InfoEmployee (idInfoEmployee, peopleName, surname, email, phoneNumber, birthDate, employeeAddress, idCountry) values (30, 'Gwenny', 'Tedorenko', 'gtedorenkot@businessinsider.com', '11985707', '19/03/1994', '452 Del Mar Circle', 1);
insert into InfoEmployee (idInfoEmployee, peopleName, surname, email, phoneNumber, birthDate, employeeAddress, idCountry) values (31, 'Pincus', 'Jury', 'pjuryu@jalbum.net', '04795391', '15/12/1979', '3908 Sachtjen Crossing', 1);
insert into InfoEmployee (idInfoEmployee, peopleName, surname, email, phoneNumber, birthDate, employeeAddress, idCountry) values (32, 'Vanya', 'Fearns', 'vfearnsv@sphinn.com', '66697877', '19/12/1935', '039 Straubel Pass', 1);
insert into InfoEmployee (idInfoEmployee, peopleName, surname, email, phoneNumber, birthDate, employeeAddress, idCountry) values (33, 'Felice', 'Baldrick', 'fbaldrickw@tmall.com', '94311122', '16/09/1947', '055 Elka Alley', 1);
insert into InfoEmployee (idInfoEmployee, peopleName, surname, email, phoneNumber, birthDate, employeeAddress, idCountry) values (34, 'Aloisia', 'Koeppe', 'akoeppex@hibu.com', '97745096', '18/04/1975', '84 East Pass', 1);
insert into InfoEmployee (idInfoEmployee, peopleName, surname, email, phoneNumber, birthDate, employeeAddress, idCountry) values (35, 'Tomaso', 'Tutt', 'ttutty@yellowbook.com', '87819367', '13/12/1985', '71764 Oxford Way', 1);
insert into InfoEmployee (idInfoEmployee, peopleName, surname, email, phoneNumber, birthDate, employeeAddress, idCountry) values (36, 'Leonidas', 'Tinan', 'ltinanz@wikispaces.com', '81681427', '19/12/1954', '596 Brickson Park Drive', 2);
insert into InfoEmployee (idInfoEmployee, peopleName, surname, email, phoneNumber, birthDate, employeeAddress, idCountry) values (37, 'Duff', 'Simanek', 'dsimanek10@example.com', '72675669', '10/06/2000', '659 Chive Terrace', 3);
insert into InfoEmployee (idInfoEmployee, peopleName, surname, email, phoneNumber, birthDate, employeeAddress, idCountry) values (38, 'Gabbie', 'Exeter', 'gexeter11@washingtonpost.com', '17467819', '17/01/1965', '41 Lien Plaza', 2);
insert into InfoEmployee (idInfoEmployee, peopleName, surname, email, phoneNumber, birthDate, employeeAddress, idCountry) values (39, 'Burnaby', 'Roach', 'broach12@networkadvertising.org', '09357848', '03/10/1965', '40 Surrey Way', 3);
insert into InfoEmployee (idInfoEmployee, peopleName, surname, email, phoneNumber, birthDate, employeeAddress, idCountry) values (40, 'Norton', 'Layland', 'nlayland13@princeton.edu', '07694792', '21/05/1932', '07 Florence Plaza', 3);
insert into InfoEmployee (idInfoEmployee, peopleName, surname, email, phoneNumber, birthDate, employeeAddress, idCountry) values (41, 'Gwendolin', 'Nussen', 'gnussen14@freewebs.com', '22518954', '17/08/1958', '679 Bunting Park', 2);
insert into InfoEmployee (idInfoEmployee, peopleName, surname, email, phoneNumber, birthDate, employeeAddress, idCountry) values (42, 'Beryl', 'Skarr', 'bskarr15@pen.io', '31994018', '17/08/1960', '97 Rutledge Alley', 3);
insert into InfoEmployee (idInfoEmployee, peopleName, surname, email, phoneNumber, birthDate, employeeAddress, idCountry) values (43, 'Gerald', 'Fryer', 'gfryer16@mediafire.com', '85386333', '19/11/1953', '6 Browning Trail', 3);
insert into InfoEmployee (idInfoEmployee, peopleName, surname, email, phoneNumber, birthDate, employeeAddress, idCountry) values (44, 'Rafaellle', 'Gavahan', 'rgavahan17@about.me', '83486211', '02/06/1928', '8 Mallard Place', 3);
insert into InfoEmployee (idInfoEmployee, peopleName, surname, email, phoneNumber, birthDate, employeeAddress, idCountry) values (45, 'Windham', 'Cheyney', 'wcheyney18@360.cn', '99963618', '11/07/1959', '31103 Park Meadow Way', 1);
insert into InfoEmployee (idInfoEmployee, peopleName, surname, email, phoneNumber, birthDate, employeeAddress, idCountry) values (46, 'Whitney', 'Weadick', 'wweadick19@abc.net.au', '06641533', '22/02/1942', '70607 Clemons Pass', 2);
insert into InfoEmployee (idInfoEmployee, peopleName, surname, email, phoneNumber, birthDate, employeeAddress, idCountry) values (47, 'Feliks', 'Franklen', 'ffranklen1a@berkeley.edu', '12380710', '29/12/2002', '144 Cherokee Lane', 3);
insert into InfoEmployee (idInfoEmployee, peopleName, surname, email, phoneNumber, birthDate, employeeAddress, idCountry) values (48, 'Allys', 'Camblin', 'acamblin1b@mlb.com', '52481033', '01/03/1953', '05 Anniversary Place', 1);
insert into InfoEmployee (idInfoEmployee, peopleName, surname, email, phoneNumber, birthDate, employeeAddress, idCountry) values (49, 'Dasi', 'Medwell', 'dmedwell1c@infoseek.co.jp', '05367609', '22/12/1953', '03338 Bartelt Alley', 1);
insert into InfoEmployee (idInfoEmployee, peopleName, surname, email, phoneNumber, birthDate, employeeAddress, idCountry) values (50, 'Elana', 'Dorrell', 'edorrell1d@jalbum.net', '80650229', '19/11/1966', '44 Thierer Drive', 2);


insert into Department (idDepartment, departmentName) values (1, 'Human Resources');
insert into Department (idDepartment, departmentName) values (2, 'Business Development');
insert into Department (idDepartment, departmentName) values (3, 'Sales');
insert into Department (idDepartment, departmentName) values (4, 'Product Management');
insert into Department (idDepartment, departmentName) values (5, 'Sales');
insert into Department (idDepartment, departmentName) values (6, 'Product Management');
insert into Department (idDepartment, departmentName) values (7, 'Support');
insert into Department (idDepartment, departmentName) values (8, 'Human Resources');
insert into Department (idDepartment, departmentName) values (9, 'Research and Development');
insert into Department (idDepartment, departmentName) values (10, 'Research and Development');
insert into Department (idDepartment, departmentName) values (11, 'Services');
insert into Department (idDepartment, departmentName) values (12, 'Research and Development');
insert into Department (idDepartment, departmentName) values (13, 'Sales');
insert into Department (idDepartment, departmentName) values (14, 'Human Resources');
insert into Department (idDepartment, departmentName) values (15, 'Legal');
insert into Department (idDepartment, departmentName) values (16, 'Training');
insert into Department (idDepartment, departmentName) values (17, 'Marketing');
insert into Department (idDepartment, departmentName) values (18, 'Support');
insert into Department (idDepartment, departmentName) values (19, 'Human Resources');
insert into Department (idDepartment, departmentName) values (20, 'Research and Development');
insert into Department (idDepartment, departmentName) values (21, 'Human Resources');
insert into Department (idDepartment, departmentName) values (22, 'Marketing');
insert into Department (idDepartment, departmentName) values (23, 'Product Management');
insert into Department (idDepartment, departmentName) values (24, 'Accounting');
insert into Department (idDepartment, departmentName) values (25, 'Sales');
insert into Department (idDepartment, departmentName) values (26, 'Support');
insert into Department (idDepartment, departmentName) values (27, 'Support');
insert into Department (idDepartment, departmentName) values (28, 'Engineering');
insert into Department (idDepartment, departmentName) values (29, 'Product Management');
insert into Department (idDepartment, departmentName) values (30, 'Product Management');
insert into Department (idDepartment, departmentName) values (31, 'Product Management');
insert into Department (idDepartment, departmentName) values (32, 'Human Resources');
insert into Department (idDepartment, departmentName) values (33, 'Legal');
insert into Department (idDepartment, departmentName) values (34, 'Legal');
insert into Department (idDepartment, departmentName) values (35, 'Product Management');
insert into Department (idDepartment, departmentName) values (36, 'Product Management');
insert into Department (idDepartment, departmentName) values (37, 'Marketing');
insert into Department (idDepartment, departmentName) values (38, 'Sales');
insert into Department (idDepartment, departmentName) values (39, 'Product Management');
insert into Department (idDepartment, departmentName) values (40, 'Business Development');
insert into Department (idDepartment, departmentName) values (41, 'Human Resources');
insert into Department (idDepartment, departmentName) values (42, 'Accounting');
insert into Department (idDepartment, departmentName) values (43, 'Accounting');
insert into Department (idDepartment, departmentName) values (44, 'Services');
insert into Department (idDepartment, departmentName) values (45, 'Training');
insert into Department (idDepartment, departmentName) values (46, 'Support');
insert into Department (idDepartment, departmentName) values (47, 'Sales');
insert into Department (idDepartment, departmentName) values (48, 'Research and Development');
insert into Department (idDepartment, departmentName) values (49, 'Business Development');
insert into Department (idDepartment, departmentName) values (50, 'Sales');
insert into Department (idDepartment, departmentName) values (51, 'Accounting');
insert into Department (idDepartment, departmentName) values (52, 'Engineering');
insert into Department (idDepartment, departmentName) values (53, 'Sales');
insert into Department (idDepartment, departmentName) values (54, 'Sales');
insert into Department (idDepartment, departmentName) values (55, 'Business Development');
insert into Department (idDepartment, departmentName) values (56, 'Business Development');
insert into Department (idDepartment, departmentName) values (57, 'Accounting');
insert into Department (idDepartment, departmentName) values (58, 'Research and Development');
insert into Department (idDepartment, departmentName) values (59, 'Human Resources');
insert into Department (idDepartment, departmentName) values (60, 'Marketing');
insert into Department (idDepartment, departmentName) values (61, 'Human Resources');
insert into Department (idDepartment, departmentName) values (62, 'Business Development');
insert into Department (idDepartment, departmentName) values (63, 'Engineering');
insert into Department (idDepartment, departmentName) values (64, 'Human Resources');
insert into Department (idDepartment, departmentName) values (65, 'Human Resources');
insert into Department (idDepartment, departmentName) values (66, 'Engineering');
insert into Department (idDepartment, departmentName) values (67, 'Product Management');
insert into Department (idDepartment, departmentName) values (68, 'Research and Development');
insert into Department (idDepartment, departmentName) values (69, 'Marketing');
insert into Department (idDepartment, departmentName) values (70, 'Marketing');
insert into Department (idDepartment, departmentName) values (71, 'Legal');
insert into Department (idDepartment, departmentName) values (72, 'Sales');
insert into Department (idDepartment, departmentName) values (73, 'Services');
insert into Department (idDepartment, departmentName) values (74, 'Human Resources');
insert into Department (idDepartment, departmentName) values (75, 'Sales');
insert into Department (idDepartment, departmentName) values (76, 'Human Resources');
insert into Department (idDepartment, departmentName) values (77, 'Marketing');
insert into Department (idDepartment, departmentName) values (78, 'Services');
insert into Department (idDepartment, departmentName) values (79, 'Sales');
insert into Department (idDepartment, departmentName) values (80, 'Services');
insert into Department (idDepartment, departmentName) values (81, 'Training');
insert into Department (idDepartment, departmentName) values (82, 'Product Management');
insert into Department (idDepartment, departmentName) values (83, 'Legal');
insert into Department (idDepartment, departmentName) values (84, 'Product Management');
insert into Department (idDepartment, departmentName) values (85, 'Services');
insert into Department (idDepartment, departmentName) values (86, 'Training');
insert into Department (idDepartment, departmentName) values (87, 'Marketing');
insert into Department (idDepartment, departmentName) values (88, 'Product Management');
insert into Department (idDepartment, departmentName) values (89, 'Business Development');
insert into Department (idDepartment, departmentName) values (90, 'Sales');
insert into Department (idDepartment, departmentName) values (91, 'Accounting');
insert into Department (idDepartment, departmentName) values (92, 'Marketing');
insert into Department (idDepartment, departmentName) values (93, 'Human Resources');
insert into Department (idDepartment, departmentName) values (94, 'Research and Development');
insert into Department (idDepartment, departmentName) values (95, 'Business Development');
insert into Department (idDepartment, departmentName) values (96, 'Training');
insert into Department (idDepartment, departmentName) values (97, 'Engineering');
insert into Department (idDepartment, departmentName) values (98, 'Business Development');
insert into Department (idDepartment, departmentName) values (99, 'Training');
insert into Department (idDepartment, departmentName) values (100, 'Engineering');



insert into Job (idJob, jobName, idDepartment) values (1, 'Accounting Assistant IV', 45);
insert into Job (idJob, jobName, idDepartment) values (2, 'Accountant IV', 87);
insert into Job (idJob, jobName, idDepartment) values (3, 'Accounting Assistant I', 31);
insert into Job (idJob, jobName, idDepartment) values (4, 'Web Developer I', 7);
insert into Job (idJob, jobName, idDepartment) values (5, 'Accounting Assistant I', 97);
insert into Job (idJob, jobName, idDepartment) values (6, 'Senior Quality Engineer', 66);
insert into Job (idJob, jobName, idDepartment) values (7, 'Software Consultant', 66);
insert into Job (idJob, jobName, idDepartment) values (8, 'Web Designer III', 21);
insert into Job (idJob, jobName, idDepartment) values (9, 'Registered Nurse', 74);
insert into Job (idJob, jobName, idDepartment) values (10, 'Engineer III', 54);
insert into Job (idJob, jobName, idDepartment) values (11, 'Computer Systems Analyst III', 27);
insert into Job (idJob, jobName, idDepartment) values (12, 'Office Assistant II', 22);
insert into Job (idJob, jobName, idDepartment) values (13, 'Environmental Specialist', 6);
insert into Job (idJob, jobName, idDepartment) values (14, 'Research Assistant IV', 15);
insert into Job (idJob, jobName, idDepartment) values (15, 'Executive Secretary', 2);
insert into Job (idJob, jobName, idDepartment) values (16, 'GIS Technical Architect', 2);
insert into Job (idJob, jobName, idDepartment) values (17, 'Physical Therapy Assistant', 9);
insert into Job (idJob, jobName, idDepartment) values (18, 'Human Resources Assistant II', 73);
insert into Job (idJob, jobName, idDepartment) values (19, 'Pharmacist', 1);
insert into Job (idJob, jobName, idDepartment) values (20, 'Occupational Therapist', 91);
insert into Job (idJob, jobName, idDepartment) values (21, 'Research Nurse', 27);
insert into Job (idJob, jobName, idDepartment) values (22, 'VP Quality Control', 60);
insert into Job (idJob, jobName, idDepartment) values (23, 'General Manager', 45);
insert into Job (idJob, jobName, idDepartment) values (24, 'Junior Executive', 81);
insert into Job (idJob, jobName, idDepartment) values (25, 'Web Designer II', 14);
insert into Job (idJob, jobName, idDepartment) values (26, 'Payment Adjustment Coordinator', 65);
insert into Job (idJob, jobName, idDepartment) values (27, 'Sales Representative', 39);
insert into Job (idJob, jobName, idDepartment) values (28, 'Actuary', 44);
insert into Job (idJob, jobName, idDepartment) values (29, 'Quality Engineer', 2);
insert into Job (idJob, jobName, idDepartment) values (30, 'Senior Developer', 65);
insert into Job (idJob, jobName, idDepartment) values (31, 'Nurse', 78);
insert into Job (idJob, jobName, idDepartment) values (32, 'Analog Circuit Design manager', 9);
insert into Job (idJob, jobName, idDepartment) values (33, 'Senior Sales Associate', 88);
insert into Job (idJob, jobName, idDepartment) values (34, 'Librarian', 47);
insert into Job (idJob, jobName, idDepartment) values (35, 'Systems Administrator I', 64);
insert into Job (idJob, jobName, idDepartment) values (36, 'Research Nurse', 62);
insert into Job (idJob, jobName, idDepartment) values (37, 'General Manager', 49);
insert into Job (idJob, jobName, idDepartment) values (38, 'Account Coordinator', 86);
insert into Job (idJob, jobName, idDepartment) values (39, 'Software Consultant', 40);
insert into Job (idJob, jobName, idDepartment) values (40, 'Business Systems Development Analyst', 92);
insert into Job (idJob, jobName, idDepartment) values (41, 'VP Accounting', 25);
insert into Job (idJob, jobName, idDepartment) values (42, 'Editor', 64);
insert into Job (idJob, jobName, idDepartment) values (43, 'Accountant III', 64);
insert into Job (idJob, jobName, idDepartment) values (44, 'Help Desk Operator', 42);
insert into Job (idJob, jobName, idDepartment) values (45, 'Research Assistant I', 2);
insert into Job (idJob, jobName, idDepartment) values (46, 'Geologist I', 70);
insert into Job (idJob, jobName, idDepartment) values (47, 'Quality Engineer', 61);
insert into Job (idJob, jobName, idDepartment) values (48, 'Teacher', 93);
insert into Job (idJob, jobName, idDepartment) values (49, 'Research Associate', 5);
insert into Job (idJob, jobName, idDepartment) values (50, 'Chemical Engineer', 51);
insert into Job (idJob, jobName, idDepartment) values (51, 'Software Engineer IV', 99);
insert into Job (idJob, jobName, idDepartment) values (52, 'Structural Analysis Engineer', 72);
insert into Job (idJob, jobName, idDepartment) values (53, 'Geological Engineer', 81);
insert into Job (idJob, jobName, idDepartment) values (54, 'Dental Hygienist', 96);
insert into Job (idJob, jobName, idDepartment) values (55, 'Financial Advisor', 67);
insert into Job (idJob, jobName, idDepartment) values (56, 'Research Nurse', 54);
insert into Job (idJob, jobName, idDepartment) values (57, 'Professor', 42);
insert into Job (idJob, jobName, idDepartment) values (58, 'Director of Sales', 88);
insert into Job (idJob, jobName, idDepartment) values (59, 'Analog Circuit Design manager', 15);
insert into Job (idJob, jobName, idDepartment) values (60, 'VP Marketing', 25);
insert into Job (idJob, jobName, idDepartment) values (61, 'Junior Executive', 60);
insert into Job (idJob, jobName, idDepartment) values (62, 'Clinical Specialist', 59);
insert into Job (idJob, jobName, idDepartment) values (63, 'Help Desk Operator', 75);
insert into Job (idJob, jobName, idDepartment) values (64, 'Physical Therapy Assistant', 26);
insert into Job (idJob, jobName, idDepartment) values (65, 'Programmer III', 43);
insert into Job (idJob, jobName, idDepartment) values (66, 'Senior Cost Accountant', 21);
insert into Job (idJob, jobName, idDepartment) values (67, 'VP Accounting', 96);
insert into Job (idJob, jobName, idDepartment) values (68, 'Office Assistant II', 15);
insert into Job (idJob, jobName, idDepartment) values (69, 'Biostatistician III', 71);
insert into Job (idJob, jobName, idDepartment) values (70, 'Account Representative III', 79);
insert into Job (idJob, jobName, idDepartment) values (71, 'Accounting Assistant III', 90);
insert into Job (idJob, jobName, idDepartment) values (72, 'Marketing Manager', 61);
insert into Job (idJob, jobName, idDepartment) values (73, 'Senior Developer', 56);
insert into Job (idJob, jobName, idDepartment) values (74, 'Account Representative IV', 36);
insert into Job (idJob, jobName, idDepartment) values (75, 'Database Administrator II', 1);
insert into Job (idJob, jobName, idDepartment) values (76, 'Safety Technician III', 33);
insert into Job (idJob, jobName, idDepartment) values (77, 'Sales Representative', 2);
insert into Job (idJob, jobName, idDepartment) values (78, 'Nuclear Power Engineer', 86);
insert into Job (idJob, jobName, idDepartment) values (79, 'Senior Developer', 21);
insert into Job (idJob, jobName, idDepartment) values (80, 'Quality Control Specialist', 17);
insert into Job (idJob, jobName, idDepartment) values (81, 'Occupational Therapist', 74);
insert into Job (idJob, jobName, idDepartment) values (82, 'Recruiting Manager', 75);
insert into Job (idJob, jobName, idDepartment) values (83, 'Clinical Specialist', 94);
insert into Job (idJob, jobName, idDepartment) values (84, 'Payment Adjustment Coordinator', 38);
insert into Job (idJob, jobName, idDepartment) values (85, 'Actuary', 95);
insert into Job (idJob, jobName, idDepartment) values (86, 'Sales Representative', 72);
insert into Job (idJob, jobName, idDepartment) values (87, 'Business Systems Development Analyst', 1);
insert into Job (idJob, jobName, idDepartment) values (88, 'Product Engineer', 49);
insert into Job (idJob, jobName, idDepartment) values (89, 'Environmental Tech', 4);
insert into Job (idJob, jobName, idDepartment) values (90, 'Safety Technician IV', 40);
insert into Job (idJob, jobName, idDepartment) values (91, 'Executive Secretary', 44);
insert into Job (idJob, jobName, idDepartment) values (92, 'Payment Adjustment Coordinator', 98);
insert into Job (idJob, jobName, idDepartment) values (93, 'Media Manager I', 99);
insert into Job (idJob, jobName, idDepartment) values (94, 'Operator', 33);
insert into Job (idJob, jobName, idDepartment) values (95, 'Project Manager', 48);
insert into Job (idJob, jobName, idDepartment) values (96, 'Social Worker', 51);
insert into Job (idJob, jobName, idDepartment) values (97, 'Help Desk Technician', 18);
insert into Job (idJob, jobName, idDepartment) values (98, 'Dental Hygienist', 41);
insert into Job (idJob, jobName, idDepartment) values (99, 'Editor', 18);
insert into Job (idJob, jobName, idDepartment) values (100, 'Engineer I', 13);





